"dvit","ACCID","species","cultivar","genoPC1","genoPC2","genoPC3","genoPC4","country_grin","country_myles","east.west.central","type"
"DVIT_1001",10636,"vinifera","Verdelho",-0.0619,-0.0062,0.0455,-0.0477,"Portugal","Portugal","west","wine"
"DVIT_1003",10646,"vinifera","Vernaccia_Di_San_Gimignano",-0.0105,0.0401,-0.024,-0.0179,NA,NA,NA,"wine"
"DVIT_1004",10647,"vinifera","Vernaccia_Bianca",-0.059,-0.0212,0.0247,0.0163,NA,NA,NA,"wine"
"DVIT_1005",10659,"vinifera","Vernaccia_Sarda",-0.0264,0.0323,-0.0042,-0.0612,NA,NA,NA,"wine"
"DVIT_1007",147702,"vinifera","Vertzami",-0.0091,0.0659,-0.0375,0.0587,"Greece","Greece","central","wine"
"DVIT_1008",147703,"vinifera","Violento",0.02,0.0385,-0.0318,-0.0138,"Greece","Greece","central","wine"
"DVIT_1010",147707,"vinifera","Volitza_Lefki",0.0242,0.0517,-0.0192,-0.0114,"Greece","Greece","central","wine"
"DVIT_1011",147710,"vinifera","Voltzicki",0.0033,0.0415,-0.0355,0.0177,"Greece","Greece","central","wine"
"DVIT_1019",147862,"vinifera","Xylomaherudah",0.0253,0.0361,-0.0292,-0.0198,"Greece","Greece","central","wine"
"DVIT_1021",147744,"vinifera","Zalovitico",-0.0164,0.0655,-0.0435,0.116,"Greece","Greece","central","wine"
"DVIT_1025",138062,"vinifera","Alicante_Branca",0.0255,0.0515,-0.0457,-0.0925,NA,"Portugal","west","wine"
"DVIT_1028",147964,"vinifera","Hondromavroudo",-0.0285,0.0524,-0.0278,0.1006,"Greece","Greece","central","wine"
"DVIT_1029",140078,"vinifera","Donzelinho_De_Castelo",-0.0714,-0.0028,0.0462,-0.0688,"Portugal","Portugal","west","wine"
"DVIT_1030",138063,"vinifera","Ferral_De_Izalva",-0.0441,0.026,0.0123,-0.0529,"Portugal","Portugal","west","wine"
"DVIT_1031",147723,"vinifera","Gemeroh",0.0275,0.041,-0.0216,-0.0065,"Greece","Greece","central","wine"
"DVIT_1032",147807,"vinifera","Karabryimis",0.0356,0.016,-0.0138,0.0075,"Greece","Greece","central","wine"
"DVIT_1034",147795,"vinifera","Kotzifali",-0.0021,0.0373,-0.0119,-0.0304,"Greece","Greece","central","wine"
"DVIT_1036",147779,"vinifera","Kontocladi",-0.0011,0.0637,-0.0343,0.0097,"Greece","Greece","central","wine"
"DVIT_1037",168796,"vinifera","Kraljevina",0.0021,0.045,-0.0393,0.0103,"Yugoslavia","Serbia","central","wine"
"DVIT_1039",147821,"vinifera","Marditza",-0.0026,0.0479,-0.0567,0.0649,"Greece","Greece","central","wine"
"DVIT_1040",147829,"vinifera","Mavroliatis",0.0189,0.051,-0.0107,7e-04,"Greece","Greece","central","wine"
"DVIT_1041",147967,"vinifera","Mavroudi",0.0061,0.0598,-0.0207,0.0028,"Greece","Greece","central","wine"
"DVIT_1042",10943,"vinifera","Mermark",0.0374,0.0225,0.0304,0.0243,NA,NA,NA,"wine"
"DVIT_1043",147844,"vinifera","Mosho_Patata",-0.0094,0.0505,-0.0477,0.0765,"Greece","Greece","central","wine"
"DVIT_1045",147861,"vinifera","Platani",0.0132,0.0555,-0.0338,-0.0324,"Greece","Greece","central","wine"
"DVIT_1046",147952,"vinifera","Psara",0.0166,0.0526,-0.0313,0.0034,"Greece","Greece","central","wine"
"DVIT_1049",147905,"vinifera","Roussaitis",0.019,0.0716,-0.0298,0.0127,"Greece","Greece","central","wine"
"DVIT_1051",147904,"vinifera","Roussico",0.0124,0.0281,-0.0196,-0.0041,"Greece","Greece","central","wine"
"DVIT_1052",563980,"vinifera","Black_Corinth",0.0307,0.0225,-0.0172,0.0287,"Greece","Greece","central","table"
"DVIT_1053",150562,"vinifera","Syrah",-0.0821,-0.0262,0.0386,-0.0289,"France","France","west","wine"
"DVIT_1054",160604,"vinifera","Terret_Noir",-0.021,0.0097,0.0021,-0.0399,"France","France","west","wine"
"DVIT_1057",147698,"vinifera","Velana",0.0044,0.0656,-0.0407,0.074,"Greece","Greece","central","wine"
"DVIT_1058",563993,"vinifera","Alvarelhao",-0.0613,0.0111,0.0297,-0.072,"Portugal","Portugal","west","wine"
"DVIT_1060",11053,"vinifera","Unknown_Cultivar",-0.0983,-0.0185,0.0599,-0.0321,NA,NA,NA,"wine"
"DVIT_1061",11064,"vinifera","Touriga",-0.072,-0.0161,0.0523,-0.0179,"Portugal","Portugal","west","wine"
"DVIT_1065",564009,"vinifera","Pinot_Blanc",-0.0584,-0.0105,0.0245,-0.0318,"France","France","west","wine"
"DVIT_1069",189592,"vinifera","Beli_Prokupac",-0.0104,0.0543,-0.0307,0.0955,"Yugoslavia","Serbia","central","wine"
"DVIT_1070",197528,"vinifera","Kule_Dary",0.0475,-0.0018,0.0384,0.0077,"Germany","Germany","west","table"
"DVIT_1072",184751,"vinifera","Raisin_De_Palestine",0.0186,0.019,-0.019,-0.0169,"Australia",NA,NA,"wine"
"DVIT_1074",189594,"vinifera","Smederevka",0.0251,0.0846,-0.0596,0.0266,"Serbia","Serbia","central","wine"
"DVIT_1076",197556,"vinifera","Vernatschia_Alternatures",0.0014,0.0612,-0.0336,0.0513,"Germany","Germany","west","wine"
"DVIT_1080",251316,"vinifera","Barlinka",0.0437,-0.01,0.0223,-0.0066,"Algeria","Algeria","west","wine"
"DVIT_1081",254977,"vinifera","Bhokri",0.0355,-0.0057,0.0041,4e-04,"India","India","east","table"
"DVIT_1085",337794,"vinifera","Catarratto",0.0052,0.0352,-0.013,-0.028,"Italy","Italy","west","wine"
"DVIT_1092",11287,"vinifera","Damas_Rose",0.0439,-0.0025,-0.0031,-0.0071,NA,NA,NA,"table"
"DVIT_1095",11315,"vinifera","Flame_Seedless",0.0472,-0.0853,0.0562,0.0057,"United_States",NA,NA,"table"
"DVIT_1099",256740,"vinifera","Hermitage",-0.0317,0.0023,-0.0262,-0.0679,"France","France","west","wine"
"DVIT_1102",515483,"vinifera","Jurancon_Blanc",-0.0548,0.0155,-0.0173,0.0282,"France","France","west","wine"
"DVIT_1103",564014,"vinifera","Kishmish_Hishrau",0.0676,-0.0401,0.1013,0.0202,"Former_Soviet_Union","Russia","east","table"
"DVIT_1108",333951,"vinifera","Madeleine_Angervine",-0.0802,-0.0176,0.0198,0.0541,"Canada",NA,NA,"table"
"DVIT_1114",337783,"vinifera","Ortega",-0.0799,-0.0417,0.0289,0.0569,"Germany","Germany","west","wine"
"DVIT_1117",219408,"vinifera","Pinot_Musque",-0.0934,0.0037,0.0068,0.0911,NA,"France","west","wine"
"DVIT_1119",318224,"vinifera","Plavac_Mali",0.0042,0.0445,-0.0447,0.0257,"Yugoslavia","Serbia","central","wine"
"DVIT_1122",318225,"vinifera","Royal_Thompson",0.0583,-0.089,0.0171,-0.0018,"Mexico",NA,NA,"table"
"DVIT_1124",11535,"vinifera","Schonburger",-0.0786,-0.0776,0.0125,-1e-04,"United_States",NA,NA,"wine"
"DVIT_1125",253178,"vinifera","Sciacarello",-0.0197,-0.0043,0.0023,-0.0406,"Italy","Italy","west","wine"
"DVIT_1127",564015,"vinifera","Stein",-0.0654,-7e-04,0.0376,-0.0541,"South_Africa",NA,NA,"wine"
"DVIT_1130",11581,"vinifera","Venus_(seedless)",0.0124,-0.0333,0.0076,0.0082,"United_States",NA,NA,"table"
"DVIT_1150",253177,"vinifera","Xarello",0.0061,0.0535,-0.0392,-0.0726,"Spain","Spain","west","wine"
"DVIT_1306",208343,"vinifera","Olivette_Noir",0.0329,-3e-04,-0.0157,-0.0431,"France","France","west","table"
"DVIT_1309",12853,"vinifera","Black_Hamburg",0.0362,0.0236,-0.0169,-0.0651,"Austria","Austria","west","table"
"DVIT_131",3270,"vinifera","Ree",-0.0637,-0.0171,0.0313,-0.0329,"United_States",NA,NA,"table"
"DVIT_1313",12884,"vinifera","Muscat_Br39",0.0015,-0.0884,-0.0778,-0.0076,NA,NA,NA,"table"
"DVIT_1314",12893,"vinifera","Olmo_j5-58",0.0109,-0.0322,-0.0671,-0.0321,NA,NA,NA,"wine"
"DVIT_1318",197554,"vinifera","Terret_Schwarz",-0.0349,-0.0107,-0.0095,-0.0651,"Germany","Germany","west","wine"
"DVIT_1330",13024,"vinifera","Seedless_Tokay",0.0341,-0.0016,-0.0104,-0.0176,"United_States",NA,NA,"table"
"DVIT_1333",13039,"vinifera","Zinfandel",0.0053,0.0541,-0.0464,0.0597,"Croatia","Croatia","central","wine"
"DVIT_1334",13055,"vinifera","Seeded_Thompson",0.0767,-0.0538,0.1443,0.0036,NA,NA,NA,"table"
"DVIT_1341",13103,"vinifera","Aurora",0.0231,0.033,-0.0233,-0.0151,"Italy","Italy","west","table"
"DVIT_1353",13210,"vinifera","Fort_Ross_Vine",0.015,-0.0292,-0.0831,0.0398,NA,NA,NA,"table"
"DVIT_1356",147869,"vinifera","Patrino",0.0185,0.0669,-0.0336,0.0121,"Greece","Greece","central","wine"
"DVIT_1598",14969,"vinifera","Victorias_Choice_number1",0.0037,-0.0747,-0.0689,0.0056,NA,NA,NA,"table"
"DVIT_1650",15286,"vinifera","Austrian_Seedless",0.0501,-0.0105,0.0744,-0.027,"Austria",NA,NA,"table"
"DVIT_1651",15290,"vinifera","Barbableu",0.0289,-0.0691,-0.0658,-0.0185,"Italy","Italy","west","table"
"DVIT_1653",15299,"vinifera","Ciminnita",0.0329,-0.0178,-0.0152,-0.0323,"France","France","west","wine"
"DVIT_1655",15310,"vinifera","Fuji",0.0434,-0.0645,-0.076,-0.0386,NA,NA,NA,"table"
"DVIT_1656",15319,"vinifera","Muscat_Rouge_Fouce",0.012,-0.0643,-0.0618,0.0161,"France","France","west","table"
"DVIT_1658",15329,"vinifera","Poet_Matabon",0.0281,5e-04,-0.0037,-0.0277,"France","France","west","table"
"DVIT_1663",15357,"vinifera","Chaouch_4x",0.0196,-0.0782,-0.059,0.0198,"Turkey","Turkey","east","table"
"DVIT_1666",15375,"vinifera","Royale_4x",0.0086,0.0198,-0.0306,-0.0214,NA,NA,NA,"table"
"DVIT_1667",15385,"vinifera","Russian_Seedless_4x",0.0617,-0.0397,0.1076,0.0214,"Australia",NA,NA,"table"
"DVIT_1669",15398,"vinifera","Trieste_4x",0.0132,-0.0492,-0.0715,-0.0177,"Italy","Italy","west","table"
"DVIT_1797",16151,"vinifera","030-37",0.0348,0.0177,0.0411,0.0167,"Afghanistan","Afghanistan","east","table"
"DVIT_1799",16164,"vinifera","030-51",0.0317,0.0093,0.0371,0.0245,"Afghanistan","Afghanistan","east","table"
"DVIT_1801",16175,"vinifera","033-50",0.0306,0.0096,0.0332,0.018,"Afghanistan","Afghanistan","east","table"
"DVIT_1803",16188,"vinifera","034-16",0.0306,0.0226,0.0373,0.0217,"Afghanistan","Afghanistan","east","table"
"DVIT_1804",16199,"vinifera","034-29",0.0316,0.008,0.0365,0.0219,"Afghanistan","Afghanistan","east","table"
"DVIT_1805",16200,"vinifera","034-26",-0.0024,0.0192,0.0703,0.023,"Afghanistan","Afghanistan","east","table"
"DVIT_1806",16209,"vinifera","034-54",4e-04,0.0212,0.0622,0.0234,"Afghanistan","Afghanistan","east","table"
"DVIT_1807",16210,"vinifera","034-55",0.004,0.0116,0.0656,0.0275,"Afghanistan","Afghanistan","east","table"
"DVIT_1808",16221,"vinifera","Olmo_(035-07)",-0.0065,0.0054,0.0522,0.0243,NA,NA,NA,"table"
"DVIT_1809",16222,"vinifera","035-11",-0.0018,0.0175,0.0679,0.0227,"Afghanistan","Afghanistan","east","table"
"DVIT_1811",16234,"vinifera","Olmo_(035-41)",0.0264,-0.0026,0.0648,0.0271,NA,NA,NA,"table"
"DVIT_1812",16245,"vinifera","035-47",0.0236,-0.0176,0.077,0.0331,"Afghanistan","Afghanistan","east","table"
"DVIT_1814",16257,"vinifera","035-58",0.0209,0.0038,0.0526,0.0264,"Afghanistan","Afghanistan","east","table"
"DVIT_1840",16423,"vinifera","Beli_Potok",-0.1016,0.0275,0.0716,-0.0106,"Yugoslavia","Serbia","central","wine"
"DVIT_1841",16424,"vinifera","Beli_Potok",-0.0471,0.0283,0.0254,-0.0044,"Yugoslavia","Serbia","central","wine"
"DVIT_1976",17358,"vinifera",NA,-0.005,0.0663,-0.0465,0.1237,"Former_Serbia_and_Monteneg","Serbia","central","table"
"DVIT_1977",17364,"vinifera",NA,0.0111,0.071,-0.0535,0.0752,NA,NA,NA,"table"
"DVIT_1978",17373,"vinifera",NA,-0.0484,-0.0866,-0.0121,0.0341,NA,NA,NA,"table"
"DVIT_1982",17403,"vinifera","Dabouki",0.0446,0.008,0.0093,-0.0057,"Israel","Israel","east","table"
"DVIT_2043",150565,"vinifera","Volta",-0.064,-0.0734,-0.0084,0.023,"Italy","Italy","west","table"
"DVIT_2046",133125,"vinifera","Munuka_Sufed",0.0597,-0.0035,0.0999,0.0423,NA,NA,NA,"table"
"DVIT_2047",134818,"vinifera","Pirovano_47",0.0319,0.0054,-0.0183,-0.035,"Italy","Italy","west","table"
"DVIT_2061",147970,"vinifera","Mavroudi_School_Of_Patras",0.0162,0.0457,-0.0423,-0.0381,"Greece","Greece","central","wine"
"DVIT_2063",564046,"vinifera","Muscat_De_Pantellana",0.023,-0.036,-0.0705,-0.0543,"Tunisia","Tunisia","west","wine"
"DVIT_2065",17981,"vinifera","Sangioveto",-0.0296,0.0449,-7e-04,-0.0083,"Italy","Italy","west","wine"
"DVIT_2067",150564,"vinifera","Trebbiano_Bianco",-0.0029,0.0297,-0.0387,-0.0035,"Italy","Italy","west","wine"
"DVIT_2071",234427,"vinifera","Kishmish_Of_Vir",0.0554,-0.01,0.0906,0.0216,"Former_Soviet_Union","Russia","east","table"
"DVIT_2076",18051,"vinifera","Futuna_700",0.0271,-0.051,-0.0872,-0.0326,NA,NA,NA,"table"
"DVIT_2077",277228,"vinifera","Klusaine_Red",0.0482,-0.0032,0.0396,0.0178,"Uzbekistan","Uzbekistan","east","table"
"DVIT_2080",260417,"vinifera","Grassa_De_Cotnari",-0.0201,0.0746,-0.0364,0.1386,"Romania","Romania","central","wine"
"DVIT_2081",254978,"vinifera","Kandhari",0.0447,0.0163,0.0474,0.0264,"Afghanistan","Afghanistan","east","table"
"DVIT_2084",18106,"vinifera","Khalili",0.0629,-0.0173,0.1342,0.0226,"Afghanistan","Afghanistan","east","table"
"DVIT_2087",18123,"vinifera","Aswad",0.0151,-0.0048,-0.0105,-0.0229,"Yemen","Yemen","east","table"
"DVIT_2100",562054,"vinifera","Gamay_Toma",-0.0473,1e-04,-0.0091,-0.0325,NA,"France","west","wine"
"DVIT_2103",18240,"vinifera","Kastour_Rumi",0.0402,-0.0015,-0.002,0.0043,NA,"Egypt","east","table"
"DVIT_2112",18307,"vinifera","Chasselas_Des_Bouches-du-rhone",-0.0316,-0.1151,-0.0762,0.0229,NA,"France","west","table"
"DVIT_2113",18314,"vinifera","Bequignol",-0.083,-0.0246,0.0548,-0.0443,"France","France","west","wine"
"DVIT_2117",18336,"vinifera","Malvasia_Bianca",-0.0217,0.0644,-0.0193,0.0681,"Italy","Greece","central","wine"
"DVIT_2121",18358,"vinifera","Chasselas_Michel_Tompa",8e-04,-0.1087,-0.0793,0.0288,"Austria","Austria","west","table"
"DVIT_2145",18499,"vinifera","Perbos_139",-0.0087,0.0132,-0.0094,-0.0204,"France","France","west","table"
"DVIT_2160",18593,"vinifera","Mrs_Pince_Black_Muscat",0.015,-0.0557,-0.0829,0.0086,NA,NA,NA,"table"
"DVIT_2161",18600,"vinifera","Fosters_White_Seedling",-0.0289,-0.0362,-0.0108,0.017,"United_Kingdom",NA,NA,"table"
"DVIT_2162",18605,"vinifera","Syrian",0.0248,0.0189,-0.0083,-0.0733,NA,NA,NA,"table"
"DVIT_2163",18612,"vinifera","Fresno_35-75",0.0448,-0.0632,0.0144,-0.0169,"United_States",NA,NA,"table"
"DVIT_2171",18656,"vinifera","B_15-19",0.0569,-0.0272,0.0836,-0.0059,NA,NA,NA,"table"
"DVIT_2173",208430,"vinifera","Oubeidy",0.0264,0.017,0.0061,0.0063,"Lebanon","Lebanon","east","table"
"DVIT_2177",18691,"vinifera","Loose_Perlette",0.0447,-0.0743,0.0414,0.0028,"United_States",NA,NA,"table"
"DVIT_2256",19218,"vinifera","Muscato_Vidor",-9e-04,-0.0333,-0.0567,8e-04,NA,NA,NA,"table"
"DVIT_2257",19225,"vinifera","Nonno_Giovanni",0.0107,-0.0897,-0.0537,0.0115,NA,NA,NA,"table"
"DVIT_2305",564047,"vinifera","Argant",0.0028,0.0507,-0.0232,0.0468,"Spain","Spain","west","wine"
"DVIT_2313",19567,"vinifera","Corbu_Blanc",-0.0846,0.0038,0.0413,-0.0491,"France","France","west","wine"
"DVIT_2317",564052,"vinifera","Ehrenfelser",-0.1116,0.0189,0.0328,0.0835,"Germany","Germany","west","wine"
"DVIT_2318",19592,"vinifera","Fer_Servadou",-0.0855,-0.0138,0.0527,-0.0298,"France","France","west","wine"
"DVIT_2321",19617,"vinifera","Juracon_Noir",-0.0898,0.0126,0.0278,0.0383,"France","France","west","wine"
"DVIT_2322",564054,"vinifera","Kara_Dzhidzhigi",0.0524,-0.0104,0.0982,0.0328,"Russia","Russia","east","table"
"DVIT_2323",564055,"vinifera","Karadzhandal",0.0456,-0.0031,0.0486,0.0275,"Russia","Russia","east","table"
"DVIT_2330",19689,"vinifera","Osteiner",-0.0917,0.0211,0.0481,0.0287,"Germany","Germany","west","wine"
"DVIT_2336",19737,"vinifera","Riesling_Muscat",-0.0808,-0.0121,0.0388,0.0353,NA,NA,NA,"wine"
"DVIT_2339",19770,"vinifera","Rotberger",-0.0641,-0.0217,0.0236,0.0576,"Austria","Austria","west","wine"
"DVIT_2340",277229,"vinifera","Sochal_Kara-kash",0.0359,-0.0111,0.0515,0.0295,"Former_Soviet_Union","Russia","east","table"
"DVIT_2342",19789,"vinifera","Viognier",-0.0629,-0.0101,0.0227,-0.0286,"France","France","west","wine"
"DVIT_2390",20126,"vinifera","Muscat_Of_Hungary",0.017,-0.0333,-0.0585,0.0151,"Hungary","Hungary","central","table"
"DVIT_2431",552631,"vinifera","Russian_Seedless",0.0384,0.022,-0.0258,-0.1032,"Australia",NA,NA,"table"
"DVIT_2452",564080,"vinifera","Kwar_II",0.0412,0.0106,0.0562,0.0225,"Pakistan","Pakistan","east","table"
"DVIT_2476",558817,"vinifera","Blackrose_4x",0.0481,-0.0457,-0.009,0.0259,"United_States",NA,NA,"table"
"DVIT_2480",564133,"vinifera","CG_1481_4x",0.0617,-0.0317,0.0822,-0.0104,"Argentina",NA,NA,"table"
"DVIT_2497",564136,"vinifera","Kabuli",0.0301,0.0255,0.0324,0.0177,"Pakistan","Pakistan","east","table"
"DVIT_2498",564137,"vinifera","Millishun",0.0324,0.0168,0.0207,0.025,"Pakistan","Pakistan","east","table"
"DVIT_2499",564138,"vinifera","Bargoon",0.0432,0.0201,0.0508,0.0108,"Pakistan","Pakistan","east","table"
"DVIT_2501",564140,"vinifera","Berurargoon",0.0222,0.0172,0.0239,0.0195,"Pakistan","Pakistan","east","table"
"DVIT_2502",564141,"vinifera","Parargoon",0.0333,0.0188,0.0403,0.0262,"Pakistan","Pakistan","east","table"
"DVIT_2503",564142,"vinifera","Hosargoon",0.0411,0.0245,0.0419,0.028,"Pakistan","Pakistan","east","table"
"DVIT_2505",564144,"vinifera","Boyalsing_II",0.0348,0.0175,0.0462,0.0162,"Pakistan","Pakistan","east","wine"
"DVIT_2506",564145,"vinifera","Budrilay",0.0372,0.0238,0.0288,0.012,"Pakistan","Pakistan","east","wine"
"DVIT_2507",564146,"vinifera","Neelilay",0.043,0.0239,0.0303,0.0018,NA,NA,NA,"table"
"DVIT_2509",564148,"vinifera","Dalnato_I",0.0343,0.0144,0.0441,0.0058,"Pakistan","Pakistan","east","table"
"DVIT_2510",564149,"vinifera","Fatai",0.0352,0.0187,0.0295,0.0199,NA,NA,NA,"table"
"DVIT_2511",564150,"vinifera","Namonia",0.031,0.0187,0.0431,0.0111,NA,NA,NA,"table"
"DVIT_2514",564153,"vinifera","Neeli",0.038,0.0046,0.044,0.0264,"Pakistan","Pakistan","east","table"
"DVIT_2530",564157,"vinifera","Matum_Margoon",0.0351,0.0269,0.0526,0.0268,"Pakistan","Pakistan","east","wine"
"DVIT_2531",564158,"vinifera","Torgoon",0.0341,0.0196,0.0457,0.0508,"Pakistan","Pakistan","east","table"
"DVIT_2532",564159,"vinifera","Churgoon",0.0386,0.033,0.0516,0.0164,"Pakistan","Pakistan","east","table"
"DVIT_2533",564160,"vinifera","Nosargoon",0.0397,0.0173,0.0472,0.033,"Pakistan","Pakistan","east","table"
"DVIT_2536",564163,"vinifera","Dardari",0.0321,0.0355,0.0389,0.0185,NA,NA,NA,"table"
"DVIT_2603",564481,"vinifera","Shingargoon",0.0366,0.0205,0.0233,0.031,"Pakistan","Pakistan","east","table"
"DVIT_2604",564482,"vinifera","Schwin",0.0279,0.025,0.0412,0.0197,"Pakistan","Pakistan","east","wine"
"DVIT_2605",564483,"vinifera","Khorestini",0.057,-0.0085,0.0723,0.0306,"Pakistan","Pakistan","east","table"
"DVIT_2625",552633,"vinifera","Ruby_Seedless",0.0444,-0.0433,-0.0156,-0.0405,"United_States",NA,NA,"table"
"DVIT_2631",564621,"vinifera","Casculho",-0.0339,0.0254,0.0264,-0.0653,"Portugal","Portugal","west","wine"
"DVIT_2635",564625,"vinifera","Doradillo",0.0276,0.0374,-0.0376,-0.0817,"Spain","Spain","west","wine"
"DVIT_2636",564626,"vinifera","Fayoumi",0.0352,0.0073,-0.0015,0.0055,"Egypt","Egypt","east","wine"
"DVIT_2637",564627,"vinifera","Goyura",0.0571,-0.09,0.0265,0.0098,NA,NA,NA,"table"
"DVIT_2638",564628,"vinifera","Hassaine",0.0508,-0.0045,0.0668,0.0195,"Germany","Turkey","east","wine"
"DVIT_2639",564629,"vinifera","Kecskemet",-0.0263,-0.0074,-0.0403,0.0141,"Hungary","Hungary","central","wine"
"DVIT_2640",564630,"vinifera","LArvine",-0.0701,-0.0184,0.0332,0.003,"Switzerland","Switzerland","west","wine"
"DVIT_2641",564631,"vinifera","Leanoy",0.0311,0.0353,-0.0124,-0.0081,"Russia","Russia","east","wine"
"DVIT_2643",564633,"vinifera","Muscat_Oliver",-0.0357,-0.0448,-0.0178,0.0294,"Yugoslavia","Serbia","central","table"
"DVIT_2645",564635,"vinifera","Neo-Muscat",0.0205,-0.0663,-0.0622,-0.0013,"Japan",NA,NA,"table"
"DVIT_2646",564636,"vinifera","Pearl_of_Zola",-0.0174,-0.0498,-0.0452,0.0332,"Hungary","Hungary","central","table"
"DVIT_2649",564639,"vinifera","Pinger",0.0302,0.0493,-0.0257,0.0102,NA,NA,NA,"table"
"DVIT_2652",564642,"vinifera","Rondinella",-0.0253,0.021,0.0078,-0.008,"Italy","Italy","west","wine"
"DVIT_2653",564643,"vinifera","Sereksiya_Rosavi",0.015,0.0511,-0.0334,0.0287,"Moldova","Moldova","central","table"
"DVIT_2656",564645,"vinifera","Taminga",-0.051,-0.0137,0.0678,-0.0669,"Australia",NA,NA,"wine"
"DVIT_2657",564646,"vinifera","Tarrango_I",0.0095,-0.0324,0.1136,-0.009,"Australia",NA,NA,"table"
"DVIT_2660",564649,"vinifera","Teltfurtu",-0.0213,0.0677,-0.0416,0.1384,"Austria","Austria","west","table"
"DVIT_2662",564650,"vinifera","Ughetta",-0.0451,-0.0215,-0.0021,0.0017,"Italy","Italy","west","wine"
"DVIT_2666",564674,"vinifera","Arnsburger",-0.0872,-0.0481,-0.0062,0.0261,"Germany","Germany","west","wine"
"DVIT_2667",564675,"vinifera","Badacsony-10",-0.0198,-0.0229,-0.0236,0.0236,"Hungary","Hungary","central","wine"
"DVIT_2669",564676,"vinifera","Dan_Ben_Hanna",0.0284,-0.0503,-0.047,0.0346,NA,"Israel","east","table"
"DVIT_2671",564677,"vinifera","Erlihane",0.0107,-0.0989,-0.0783,0.0142,NA,NA,NA,"table"
"DVIT_2672",564678,"vinifera","Ezerfuertu",-0.0689,0.0123,0.0455,-0.018,"Hungary","Hungary","central","wine"
"DVIT_2675",564679,"vinifera","Gyongyrizling",-0.0553,-0.0512,-0.0129,0.0788,"Hungary","Hungary","central","wine"
"DVIT_2676",564680,"vinifera","Heroldrebe",-0.0332,0.0623,-0.038,0.1137,"Germany","Germany","west","wine"
"DVIT_2683",564683,"vinifera","Norakert_PRG_2224",0.033,0.0153,0.0057,0.0025,"Russia","Russia","east","table"
"DVIT_2684",564684,"vinifera","Ranny_Vira",0.0452,-0.0206,0.06,0.0117,"Uzbekistan","Uzbekistan","east","table"
"DVIT_2689",564685,"vinifera","Wittberger",-0.0582,-0.0159,-0.0062,0.0777,"Germany","Germany","west","wine"
"DVIT_2690",564686,"vinifera","Zifir",-0.0811,-0.057,0.0291,-0.0037,"Hungary","Hungary","central","table"
"DVIT_2691",564687,"vinifera","Zengo",-0.0227,-0.0343,-0.0224,0.038,"Hungary","Hungary","central","wine"
"DVIT_2692",564688,"vinifera","Zweigelt-rebe",-0.071,0.0296,-4e-04,0.0828,"Austria","Austria","west","wine"
"DVIT_2696",564692,"vinifera","Bien_Donnie",0.0197,-0.0559,-0.022,-0.0204,"South_Africa",NA,NA,"table"
"DVIT_2700",564717,"vinifera","Pirobelle",-0.0034,-0.0182,-0.0206,0.0359,NA,NA,NA,"table"
"DVIT_2701",564722,"vinifera","Agria",-0.0384,-0.0554,-0.0455,0.0226,"Hungary","Hungary","central","wine"
"DVIT_2705",564721,"vinifera","Dornfelder",-0.0369,0.0388,0.0173,-0.072,"Germany","Germany","west","table"
"DVIT_2730",564749,"vinifera","Chamo",0.03,0.0103,0.0411,0.0238,"Pakistan","Pakistan","east","table"
"DVIT_2731",565443,"vinifera","Yugoslavia_2798",0.0258,0.0277,0.0171,0.0122,NA,NA,NA,"wine"
"DVIT_2746",613088,"vinifera","Fresno_32-68",0.0442,-0.0722,0.0357,0.0057,"United_States",NA,NA,"table"
"DVIT_2749",619740,"vinifera","Olmo_18-226_D",0.0367,-0.0611,-0.0364,0.0012,"United_States",NA,NA,"table"
"DVIT_2752",619742,"vinifera","Olmo_34F",-0.0172,0.0381,-0.0036,-0.0505,"United_States",NA,NA,"wine"
"DVIT_2899",594735,"vinifera","Summer_Royal",0.0522,-0.0678,0.0291,0.0137,"United_States",NA,NA,"table"
"DVIT_2900",595611,"vinifera","Diamond_Muscat",0.0485,-0.0941,0.0319,-0.0083,NA,NA,NA,"table"
"DVIT_2902",594743,"vinifera","Summer_Muscat",0.0438,-0.0463,0.0263,-0.0121,"United_States",NA,NA,"table"
"DVIT_2907",615937,"vinifera","Cereza",0.0338,-0.0383,-0.0781,-0.0312,"Argentina",NA,NA,"wine"
"DVIT_2909",615939,"vinifera","Choultu_White",-0.0376,-0.0063,0.0228,-0.0065,NA,NA,NA,"table"
"DVIT_2914",616316,"vinifera","G4-74_(Seedless_Calmeria)",0.0573,-0.0716,0.0431,-0.0079,NA,NA,NA,"table"
"DVIT_2918",616325,"vinifera","Kandhar",0.0534,-0.0492,0.0458,-0.0057,NA,NA,NA,"table"
"DVIT_2928",616357,"vinifera","Tana-Kuzi",0.0527,-0.029,0.0716,0.0131,"Uzbekistan","Uzbekistan","east","table"
"DVIT_3002",616278,"vinifera","Chasselas_Rouge",-0.0798,-0.0734,-0.0126,-0.0062,NA,"France","west","table"
"DVIT_3005",616301,"vinifera","Humagne",-0.0415,0.0138,0.0178,-0.0182,NA,NA,NA,"table"
"DVIT_309",190083,"vinifera","Asma_Sohwars",0.0281,0.0057,-0.0144,-0.0096,"Ukraine","Russia","east","table"
"DVIT_3096",645048,"vinifera","Rish_Baba",0.0423,-0.0085,-0.0014,-0.0057,"Daghestan","Russia","east","table"
"DVIT_3104",645071,"vinifera","Kerner",-0.061,-0.0139,0.0181,0.0496,"Germany","Germany","west","wine"
"DVIT_3105",645084,"vinifera","Optima",-0.0943,-0.0029,0.0283,0.0914,"Germany","Germany","west","wine"
"DVIT_3107",645138,"vinifera","Reichensteiner",-0.0562,-0.0068,0.0031,0.0702,"Germany","Germany","west","wine"
"DVIT_3111",645777,"vinifera","Triplett_30-47",-0.0705,-0.0484,0.0541,-0.0044,"United_States",NA,NA,"wine"
"DVIT_313",190082,"vinifera","Cirmisi_Sap_De_Sudak",0.0409,0.0102,0.0185,0.0016,"Former_Soviet_Union","Russia","east","table"
"DVIT_314",190084,"vinifera","Demir_Kara",0.0204,0.0294,-0.0376,4e-04,"Ukraine","Russia","east","table"
"DVIT_315",190078,"vinifera","Dschan_Im_Isium",0.0343,0.0109,0.0024,0.0064,"Former_Soviet_Union","Russia","east","table"
"DVIT_3155",688459,"vinifera","Alicante_Ganzin",-0.0078,0.0305,-0.0157,-0.0049,NA,NA,NA,"wine"
"DVIT_3156",688460,"vinifera","Anna_Maria",-0.0191,-0.1128,-0.0597,0.0271,NA,NA,NA,"table"
"DVIT_3173",688490,"vinifera","Red_Fujii",-0.0321,0.015,-3e-04,0.0107,NA,NA,NA,"table"
"DVIT_3183",688509,"vinifera","Vidal_804",-0.0213,0.0218,-0.0242,0.0545,NA,NA,NA,"wine"
"DVIT_3185",254208,"vinifera","Vidal_99T",-0.025,0.0129,-0.0241,0.0095,NA,NA,NA,"wine"
"DVIT_319",190073,"vinifera","Mourvedre_Famellestadt",-0.0194,0.0218,0.0024,-0.0808,"Former_Soviet_Union","Russia","east","table"
"DVIT_321",190092,"vinifera","Precoce_Dastrachan",0.0227,0.0322,0.002,-0.0197,"Former_Soviet_Union","Russia","east","table"
"DVIT_322",5305,"vinifera","Rosa_Minna",0.0232,0.0381,-0.0224,0.01,"Former_Soviet_Union","Russia","east","table"
"DVIT_325",190081,"vinifera","Taschli",0.0259,0.0388,-0.0136,0.0132,"Ukraine","Russia","east","table"
"DVIT_326",190091,"vinifera","Wengerka",0.0041,0.0593,-0.0198,-0.0143,"Former_Soviet_Union","Russia","east","table"
"DVIT_330",190093,"vinifera","Noir_Dautomne",0.0181,0.0255,0.004,-0.0056,"Former_Soviet_Union","Russia","east","table"
"DVIT_333",147565,"vinifera","Ab_Jusht",0.0536,-0.0048,0.0708,-9e-04,"Afghanistan","Afghanistan","east","table"
"DVIT_334",190095,"vinifera","Agadia",0.0378,0.0086,0.0142,-0.0144,"United_States",NA,NA,"table"
"DVIT_336",147553,"vinifera","Aitah_Ghulaman",0.0488,-0.0074,0.0659,0.0325,"Afghanistan","Afghanistan","east","table"
"DVIT_337",5412,"vinifera","Alloued_Zeine",0.0394,0.0033,0.0073,0.0037,NA,NA,NA,"table"
"DVIT_340",152010,"vinifera","Angevine_Oberlin",-0.0444,-0.0556,-0.0145,0.0509,NA,NA,NA,"table"
"DVIT_342",5438,"vinifera","Appley_Towers",0.0105,0.0201,-0.0238,0.0037,"United_Kingdom",NA,NA,"table"
"DVIT_346",5470,"vinifera","Baidh_Ul_Haman",0.0504,-0.0075,0.0262,0.0039,NA,"Afghanistan","east","table"
"DVIT_349",5491,"vinifera","Barlinka",0.0364,-0.0362,-0.0428,0.0132,NA,"Algeria","west","table"
"DVIT_350",151699,"vinifera","Barone_Dellaterno",0.0557,-0.0792,0.015,0.0012,"Italy","Italy","west","table"
"DVIT_351",5505,"vinifera","Beauty_Seedless",0.0298,-0.0703,0.034,0.0019,NA,NA,NA,"table"
"DVIT_352",5512,"vinifera","Bellino",-0.013,-0.0276,-0.0342,0.016,NA,NA,NA,"table"
"DVIT_356",5550,"vinifera","Black_Ferrara",0.0344,-0.0158,-0.0334,-0.0472,"United_States",NA,NA,"table"
"DVIT_359",5574,"vinifera","Black_Monukka",0.0715,-0.0238,0.1377,0.0183,NA,NA,"east","table"
"DVIT_360",5581,"vinifera","Black_Morocco",0.0513,-0.0515,-0.0376,2e-04,NA,NA,NA,"table"
"DVIT_361",5589,"vinifera","Black_Prince",0.0291,-0.0295,-0.0748,-0.0174,"South_Africa",NA,NA,"table"
"DVIT_363",5611,"vinifera","Bucklands_Sweetwater",-0.0444,-0.0734,-0.0247,-0.0173,NA,NA,NA,"table"
"DVIT_375",5716,"vinifera","Chasselas_Napoleon",-0.0122,-0.0456,-0.0369,-0.0344,NA,"France","west","table"
"DVIT_380",5761,"vinifera","Cipro_Nero",0.05,-0.0422,-0.02,0.0126,NA,NA,NA,"table"
"DVIT_381",5770,"vinifera","Citronelle",0.0018,0.0183,-0.0162,-0.0288,"France","France","west","table"
"DVIT_382",151692,"vinifera","Conte_Rosso",-0.0057,-0.0521,-0.0452,0.0024,"Italy","Italy","west","table"
"DVIT_385",5812,"vinifera","Criolla_Mesa",0.0287,-0.0284,-0.0803,-0.0425,NA,NA,NA,"table"
"DVIT_388",563981,"vinifera","Dabouki",0.0443,0.014,0.0233,-0.0053,"Israel","Israel","east","table"
"DVIT_397",5933,"vinifera","English_Colossal",0.0305,0.0095,-0.0273,-0.0815,NA,NA,NA,"table"
"DVIT_401",5977,"vinifera","Exotic",0.0425,-0.0247,-0.0346,0.0059,"United_States",NA,NA,"table"
"DVIT_403",147523,"vinifera","Fahri_Kalamak",0.0528,-0.0148,0.0691,0.0276,"Afghanistan","Afghanistan","east","table"
"DVIT_410",6067,"vinifera","Gold",0.0363,-0.118,-0.0157,0.0038,"United_States",NA,NA,"table"
"DVIT_413",6098,"vinifera","Gros_Colman",0.0186,0.0401,-0.0238,0.022,"Russia","Russia","east","table"
"DVIT_423",138303,"vinifera","Imperator_(p._264)",0.0165,-0.0816,-0.0759,0.003,"Italy","Italy","west","table"
"DVIT_425",6225,"vinifera","Johanna_Mathiasz",-0.0181,-0.1078,-0.0683,-0.012,"Austria","Austria","west","table"
"DVIT_426",6231,"vinifera","July_Muscat",0.023,-0.0974,-0.0861,0.016,"United_States",NA,NA,"table"
"DVIT_427",164442,"vinifera","Kali_Sahehi",0.0554,-0.0121,0.0702,0.0225,"India","India","east","table"
"DVIT_430",147557,"vinifera","Khalchili",0.0336,-0.002,0.0558,0.0166,"Afghanistan","Afghanistan","east","table"
"DVIT_432",147570,"vinifera","Khaldar",0.0431,0.0136,0.0336,-1e-04,"Afghanistan","Afghanistan","east","table"
"DVIT_438",147537,"vinifera","Kishmish_Spien",0.0657,-0.0145,0.1233,0.0455,"Afghanistan","Afghanistan","east","table"
"DVIT_442",147519,"vinifera","Lal_Sorkh",0.0593,-0.0323,0.1064,0.0238,"Afghanistan","Afghanistan","east","table"
"DVIT_443",152808,"vinifera","Late_Edessa",0.0201,0.0223,-0.0241,-0.0301,"Switzerland","Switzerland","west","table"
"DVIT_444",143165,"vinifera","Laubschers_Gem",0.0158,-0.0531,-0.0534,0.0016,"South_Africa",NA,NA,"table"
"DVIT_445",127744,"vinifera","Lattuario",0.0482,-0.011,0.0024,-0.0082,"Switzerland","Switzerland","west","table"
"DVIT_447",151704,"vinifera","Lombardia",-0.0035,-0.1216,-0.0833,0.0194,"Italy","Italy","west","table"
"DVIT_449",6406,"vinifera","Luglienga",-0.0208,-0.0147,-0.0122,1e-04,"Italy","Italy","west","table"
"DVIT_452",6446,"vinifera","Madeleine_Celine",-0.0571,-0.0664,0.0089,-7e-04,"France","France","west","table"
"DVIT_461",6514,"vinifera","Morescono",0.0093,0.0467,-0.0328,-0.087,NA,NA,NA,"wine"
"DVIT_465",563984,"vinifera","Muscat_of_Alexandria",0.0396,-0.1191,-0.1132,0.0125,"Egypt","Egypt","east","table"
"DVIT_471",6587,"vinifera","Muscat_St._Laurent",-0.0369,-0.0682,-0.0262,-0.0076,"France","France","west","table"
"DVIT_472",6592,"vinifera","Muscat_Szauter",0.0163,-0.0932,-0.0799,0.003,NA,NA,NA,"table"
"DVIT_473",6600,"vinifera","Muscat_Talebot",-0.0199,-0.0284,0.0332,-0.013,"France","France","west","table"
"DVIT_474",161217,"vinifera","Netter",0.0305,-0.053,-0.0369,0.0084,"Israel","Israel","east","table"
"DVIT_475",128287,"vinifera","Nicolas_Horthy_number39",-0.0195,-0.1194,-0.0705,0.0102,"Hungary","Hungary","central","table"
"DVIT_477",6622,"vinifera","Nocera",0.0459,0.0022,0.0603,0.0126,"Italy","Italy","west","table"
"DVIT_478",6628,"vinifera","Ohanes",0.0289,-0.0097,-0.0067,-0.0359,"Spain","Spain","west","table"
"DVIT_481",6647,"vinifera","Olivette_Rose",0.024,0.0129,-0.0459,-0.0524,NA,NA,NA,"table"
"DVIT_483",150556,"vinifera","Opale",0.0179,-0.0532,-0.0481,-0.0097,"Italy","Italy","west","table"
"DVIT_484",563986,"vinifera","Pais",0.0073,0.0665,-0.0425,-0.0589,"Spain","Spain","west","table"
"DVIT_486",654745,"vinifera","Pardinia",0.0388,0.0106,0.0657,-0.0076,"Italy","Italy","west","table"
"DVIT_489",6689,"vinifera","Pizzutello",0.0399,-0.0012,-0.0199,0.0041,"Spain","Spain","west","table"
"DVIT_490",536729,"vinifera","Precoce_De_Malingre",-0.0685,-0.0425,0.0041,-0.0212,NA,NA,NA,"table"
"DVIT_491",151700,"vinifera","Primiera",-0.0313,-0.0872,-0.0402,0.0172,"Italy","Italy","west","table"
"DVIT_494",6713,"vinifera","Prune_De_Cazouls",0.031,0.0239,-0.0079,-0.0157,NA,NA,NA,"table"
"DVIT_497",6727,"vinifera","Rambola",0.037,-0.0038,-0.0506,-0.0259,NA,NA,NA,"table"
"DVIT_499",6740,"vinifera","Red_Ohanez",0.029,0.0074,-0.0265,-0.0074,"Portugal","Portugal","west","table"
"DVIT_509",147527,"vinifera","Sahibi",0.0579,-0.031,0.0941,0.0305,"Afghanistan","Afghanistan","east","table"
"DVIT_513",138304,"vinifera","San_Martino_(P._215)",0.0332,0.0112,0.0064,-0.0114,"Italy","Italy","west","table"
"DVIT_514",6828,"vinifera","Schiradzouli_Blanc",0.0272,0.0042,-0.0126,-0.0122,NA,NA,NA,"table"
"DVIT_517",6845,"vinifera","Seedless_Emperor",-0.0161,-0.0161,-0.0252,-0.0627,"United_States",NA,NA,"table"
"DVIT_523",6886,"vinifera","Sicilien",0.0494,-0.0102,0.0804,0.044,"France","France","west","table"
"DVIT_525",150561,"vinifera","Sovrana",-0.0059,-0.0929,-0.056,0.017,"Italy","Italy","west","table"
"DVIT_531",147511,"vinifera","Takhani_(pink_T.s.)",0.0425,-0.0139,0.0985,0.005,"Afghanistan","Afghanistan","east","table"
"DVIT_532",128289,"vinifera","Tallian",0.0463,0.0016,0.0655,0.0315,"Hungary","Hungary","central","table"
"DVIT_536",6973,"vinifera","Thomuscat",0.0603,-0.0957,0.0136,0.0143,"United_States",NA,NA,"table"
"DVIT_538",6987,"vinifera","Tscharas",0.0393,-0.0054,0.0393,0.0257,NA,NA,NA,"table"
"DVIT_541",131964,"vinifera","Turkish_Grape",0.0341,0.0032,0.0081,0.0089,"Turkey","Turkey","east","table"
"DVIT_545",7037,"vinifera","Vermentino_Favorita",-0.0264,0.0203,0,-0.0096,NA,NA,NA,"wine"
"DVIT_546",151701,"vinifera","Victor",-2e-04,-0.1038,-0.0683,0.0239,"Italy","Italy","west","table"
"DVIT_548",128290,"vinifera","Vorosmarthy",-0.0109,-0.1014,-0.071,0.0223,"Hungary","Hungary","central","table"
"DVIT_549",7066,"vinifera","White_Corinth",-0.0107,0.0412,-0.0289,0.0102,"Greece","Greece","central","table"
"DVIT_554",147897,"vinifera","Rhazaki_Arhanon",-0.0242,0.0196,0.0253,-0.1217,"Greece","Greece","central","table"
"DVIT_555",147893,"vinifera","Rhazaki_Mavro",0.0278,0.0294,-0.0252,-0.0135,"Greece","Greece","central","table"
"DVIT_557",147783,"vinifera","Sidezitis",0.0385,0.0033,0.0018,-0.0094,"Greece","Greece","central","table"
"DVIT_558",147787,"vinifera","Sidezitis_Proimo",0.0328,0.0325,-0.0096,-0.0056,"Greece","Greece","central","table"
"DVIT_562",147654,"vinifera","Itonychi_Mavro",0.0521,-0.0278,0.0036,0.0105,"Greece","Greece","central","table"
"DVIT_563",7181,"vinifera","Ajmi",0.0411,0.0053,0.0248,-0.0028,NA,"Iraq","east","table"
"DVIT_565",183792,"vinifera","Askary",0.066,-0.0237,0.0973,0.0277,"Iran","Iran","east","table"
"DVIT_566",147688,"vinifera","Augustiatico",0.0071,0.0493,-0.0234,-0.0334,"Greece","Greece","central","table"
"DVIT_567",147951,"vinifera","Chrisostaphylo",0.0371,-0.0048,-0.0141,-0.0059,"Greece","Greece","central","table"
"DVIT_568",7223,"vinifera","Clotilde_Prosperi",0.0179,-0.0451,-0.0507,0.0096,NA,NA,NA,"table"
"DVIT_569",7231,"vinifera","Dais-el-anz",0.0465,-0.0215,0.0348,-0.005,"Iraq","Iraq","east","table"
"DVIT_570",147730,"vinifera","Daphne",0.0357,-0.0013,-0.0195,-0.0284,"Greece","Greece","central","table"
"DVIT_571",151689,"vinifera","Delizia_Di_Vaprio",0.0122,-0.0824,-0.0811,0.0029,"Italy","Italy","west","table"
"DVIT_572",147731,"vinifera","Dermatas",0.0204,0.0301,-0.0457,-0.0366,"Greece","Greece","central","table"
"DVIT_573",161492,"vinifera","Fakdi",0.0465,-0.0186,0.063,0.035,"India","India","east","table"
"DVIT_576",147582,"vinifera","Husseine",0.0405,-0.005,0.0668,0.0341,"Afghanistan","Afghanistan","east","table"
"DVIT_581",147778,"vinifera","Kontehgalo",0.0459,-0.0726,0.0182,-0.0103,"Greece","Greece","central","table"
"DVIT_584",147799,"vinifera","Kurutaktas",0.0252,0.0171,0.0289,0.0098,"Greece","Greece","central","table"
"DVIT_588",150555,"vinifera","Maria_Pirovano",0.0665,-0.0957,0.0306,0.0078,"Italy","Italy","west","table"
"DVIT_596",184006,"vinifera","Royal",0.0337,-0.0538,-0.0736,0.0183,"Belgium",NA,NA,"table"
"DVIT_597",7432,"vinifera","Salomani",0.0399,0.0283,0.0354,0.0144,"Iraq","Iraq","east","table"
"DVIT_598",151705,"vinifera","Sauvis",-0.0295,-0.0829,-0.047,0.0082,"Italy","Italy","west","table"
"DVIT_599",147926,"vinifera","Chaouchi_Politico",0.035,0.0011,0.0054,-0.0043,"Greece","Greece","central","table"
"DVIT_600",147934,"vinifera","Trifera",0.0201,0.0262,-0.0221,-0.0444,"Greece","Greece","central","table"
"DVIT_601",168797,"vinifera","Volarova",-0.0054,0.0529,-0.0164,0.0566,"Yugoslavia","Serbia","central","table"
"DVIT_603",147711,"vinifera","Vustolethi",0.0236,0.0352,-0.0271,-0.0113,"Greece","Greece","central","table"
"DVIT_604",563989,"vinifera","Yaghotti_No._1",0.0358,-0.0117,0.0668,0.0129,"Iran","Iran","east","table"
"DVIT_606",7494,"vinifera","Zerk",0.0401,0.0095,0.0139,-0.0024,"Iraq","Iraq","east","table"
"DVIT_607",168800,"vinifera","Zlahtina",0.0227,0.0483,-0.0353,-0.0731,"Yugoslavia","Serbia","central","table"
"DVIT_609",563990,"vinifera","Rodites",0.0199,0.041,-0.0187,-0.016,"Greece","Greece","central","table"
"DVIT_610",563991,"vinifera","Vuthomato",0.0031,0.0337,-0.0204,0.0017,"Greece","Greece","central","table"
"DVIT_611",562033,"vinifera","Chasselas_Napoleon",-0.0456,-0.0681,-0.0168,0.0145,"France","France","west","table"
"DVIT_612",197452,"vinifera","Ak_Schekerek",0.036,0.0075,0.0338,0.0093,"Germany","Germany","west","table"
"DVIT_613",197478,"vinifera","Chan_Isium",0.0498,-0.0034,0.0336,0.0188,"Russia","Russia","east","table"
"DVIT_614",204340,"vinifera","Diamente_Nero",0,-0.0763,-0.0574,-0.0129,"Italy","Italy","west","table"
"DVIT_617",197548,"vinifera","Otscha_Bala",0.0488,-0.0048,0.068,0.0114,"Germany","Germany","west","wine"
"DVIT_619",129933,"vinifera","Aglianico",-0.0369,0.024,0.0146,-0.0382,"Greece","Greece","central","wine"
"DVIT_622",7605,"vinifera","Albana",0.029,0.032,-0.0294,0.011,NA,NA,NA,"wine"
"DVIT_623",7606,"vinifera","Aleatico",0.0088,-0.0288,-0.0607,0.0083,NA,"Italy","west","wine"
"DVIT_624",7621,"vinifera","Alicante_Bouschet",4e-04,0.0225,-0.0377,-0.0135,NA,"France","west","wine"
"DVIT_630",150552,"vinifera","Anacelatta",-0.0808,-0.007,0.0495,-0.014,NA,"Italy","west","wine"
"DVIT_631",7668,"vinifera","Antibo",-0.0421,-0.0225,0.0169,0.018,NA,NA,NA,"wine"
"DVIT_632",147669,"vinifera","Araclinos",0.0226,0.0444,-0.0305,0.0049,"Greece","Greece","central","wine"
"DVIT_633",7683,"vinifera","Aramon",-0.0097,0.0292,-0.0428,0.0936,NA,NA,NA,"wine"
"DVIT_634",7693,"vinifera","Alburla",0.0228,0.0332,-0.0164,0.0219,NA,NA,NA,"wine"
"DVIT_635",147673,"vinifera","Arcathinoh",0.0257,0.041,0.005,0.0051,"Greece","Greece","central","wine"
"DVIT_636",147677,"vinifera","Arhaniotico_Kokino",0.0352,-0.0064,0.0084,-0.0023,"Greece","Greece","central","wine"
"DVIT_637",7708,"vinifera","Aromatico",-0.0391,-0.0168,0.008,-0.0411,NA,NA,NA,"wine"
"DVIT_638",147678,"vinifera","Askathari",0.0145,0.0311,-0.0199,-0.0163,"Greece","Greece","central","wine"
"DVIT_639",7718,"vinifera","Aspiran_Noir",0.0392,-0.1058,0.0303,0.0158,"France","France","west","wine"
"DVIT_640",147691,"vinifera","Asprocoritho",0.0491,-0.0087,-0.001,0.0307,"Greece","Greece","central","wine"
"DVIT_641",147692,"vinifera","Asprorombola",0.0102,0.0511,-0.0341,-0.0286,"Greece","Greece","central","wine"
"DVIT_642",147974,"vinifera","Aspruda_Ariloghi",0.0254,0.0323,0.0056,-0.006,"Greece","Greece","central","wine"
"DVIT_644",147975,"vinifera","Unkown_Cultivar",0.0064,0.0597,-0.0242,-0.0185,"Greece","Greece","central","wine"
"DVIT_646",147685,"vinifera","Atzala",0.0177,0.0436,-0.0285,-0.0439,"Greece","Greece","central","wine"
"DVIT_649",7781,"vinifera","Barbera",-0.0279,0.013,0.0038,-0.0018,NA,NA,NA,"wine"
"DVIT_650",7789,"vinifera","Bastardo",-0.0685,9e-04,0.0616,-0.0869,NA,"Portugal","west","wine"
"DVIT_652",7802,"vinifera","Beclan",0.0058,0.0359,-0.0205,-0.0154,NA,NA,NA,"wine"
"DVIT_653",147849,"vinifera","Bakari_Mavro",-0.0898,-0.0452,0.0311,-0.0154,"Greece","Greece","central","wine"
"DVIT_654",7818,"vinifera","Bermestia_Bianca",0.0226,0.0052,-0.0217,-0.0272,"Italy","Italy","west","wine"
"DVIT_655",7825,"vinifera","Bermestia_Violacea",0.0081,0.0222,-0.0171,-0.0492,NA,"Italy","west","wine"
"DVIT_656",7833,"vinifera","Berzemina",0.019,0.0245,-0.0027,0.0015,NA,NA,NA,"wine"
"DVIT_657",563994,"vinifera","Berzamino",-0.0449,-0.0112,-0.005,0.0041,"Italy","Italy","west","wine"
"DVIT_659",7857,"vinifera","Blanc_Rame",0.0138,0.0507,-0.0141,-1e-04,"France","France","west","wine"
"DVIT_659",7857,"vinifera","Blanc_Rame",-0.0485,0.023,-0.0299,0.067,"France","France","west","wine"
"DVIT_660",7867,"vinifera","Blaue_Elbe",-0.0106,0.0613,-0.0461,0.1176,NA,"Germany","west","wine"
"DVIT_662",7883,"vinifera","Blue_Affenthaler",-0.0693,0.0286,0.0201,0.0908,NA,"Germany","west","wine"
"DVIT_663",7889,"vinifera","Blue_Trollinger",-0.0272,-0.0573,-0.0163,0.0331,NA,"Austria","west","wine"
"DVIT_664",7898,"vinifera","Boal_Branco",0.0098,0.0266,8e-04,-0.0773,"Portugal","Portugal","west","wine"
"DVIT_671",7952,"vinifera","Bonarda",-0.0424,0.017,0.0014,-0.0114,"Italy","Italy","west","wine"
"DVIT_677",8004,"vinifera","Cabernet_Sauvignon",-0.0721,0.0106,0.0465,-0.0373,"France","France","west","wine"
"DVIT_678",8009,"vinifera","Calzin",-0.0303,0.0253,-0.0063,0.035,"United_States",NA,NA,"wine"
"DVIT_682",8041,"vinifera","Carvalheira",-0.0326,0.0099,0.0305,-0.0559,"Portugal","Portugal","west","wine"
"DVIT_683",8051,"vinifera","Castelao",-0.0105,0.0366,0.0024,-0.118,"Portugal","Portugal","west","wine"
"DVIT_684",8058,"vinifera","Catarratto",-0.0335,3e-04,0.009,-0.0292,"Italy","Italy","west","wine"
"DVIT_686",8073,"vinifera","Charbono",-0.1083,-0.0377,0.0421,-0.01,"France","France","west","wine"
"DVIT_687",8084,"vinifera","Chardonnay",-0.0897,0.0156,0.0119,0.0961,"France","France","west","wine"
"DVIT_691",8110,"vinifera","Chenin_Blanc",-0.067,3e-04,0.0325,-0.0696,"France","France","west","wine"
"DVIT_692",8117,"vinifera","Chenin_Noir",-0.0596,0.0357,0.0264,0.0263,"France","France","west","wine"
"DVIT_693",8123,"vinifera","Unkown_Cultivar",-0.0237,0.0459,0.0074,-0.1513,NA,NA,NA,"wine"
"DVIT_694",8130,"vinifera","Cola_Tamburo",0.0228,0.0496,-0.0293,-0.0125,NA,NA,NA,"wine"
"DVIT_697",8156,"vinifera","Coristano",0.023,0.0709,-0.0397,-0.0051,NA,NA,NA,"wine"
"DVIT_698",8163,"vinifera","Cornifesto",-0.0264,0.0059,0.0137,-0.0478,"Portugal","Portugal","west","wine"
"DVIT_704",564000,"vinifera","Daphnata(daphnia?)",0.0151,0.0378,-0.036,-0.0483,"Greece","Greece","central","wine"
"DVIT_705",147858,"vinifera","Dehbina",-0.0096,0.0423,-0.0243,0.0219,"Greece","Greece","central","wine"
"DVIT_707",127742,"vinifera","Dolcetto",-0.0129,-0.0158,-0.0074,-0.0029,"Italy","Italy","west","wine"
"DVIT_710",564001,"vinifera","Durif",-0.0594,0.0198,0.0358,-0.0697,"France","France","west","wine"
"DVIT_712",8275,"vinifera","Emerald_Riesling",-0.0094,0.0105,-0.0101,-0.0589,"United_States",NA,NA,"wine"
"DVIT_713",8286,"vinifera","Erbalus_Caluso",-0.0441,-0.0033,0.0137,-0.0303,"Italy","Italy","west","wine"
"DVIT_714",8294,"vinifera","Etraire_De_Ladhui",0.0232,0.0125,0.0382,0.0337,"France","France","west","wine"
"DVIT_715",564002,"vinifera","Ezerjo",0.0116,0.0349,-0.0051,0.0237,"Hungary","Hungary","central","wine"
"DVIT_716",8312,"vinifera","Favorita_Segaria",0.0669,-0.0197,0.0767,0.0218,NA,NA,NA,"wine"
"DVIT_717",8320,"vinifera","Feher_Som",-0.0227,0.0047,-0.0073,-0.0045,NA,NA,NA,"wine"
"DVIT_718",8329,"vinifera","Feher_Szagos",0.0227,0.0412,-0.0184,0.0079,"Hungary","Hungary","central","wine"
"DVIT_719",8336,"vinifera","Fernao_Pires",-0.0328,0.0323,-0.0026,-0.0949,NA,"Portugal","west","wine"
"DVIT_720",8344,"vinifera","Flora",-0.0662,-0.0091,0.0471,-0.0401,NA,NA,NA,"wine"
"DVIT_721",127743,"vinifera","Fogarina",-0.0251,0.0204,-0.0146,-0.0045,"Italy","Italy","west","wine"
"DVIT_722",147939,"vinifera","Fokianoh",0.0251,0.0376,-0.05,-4e-04,"Greece","Greece","central","wine"
"DVIT_723",8365,"vinifera","Folle_Blanche",-0.0638,0.0287,-0.0238,0.0866,NA,"France","west","wine"
"DVIT_726",8388,"vinifera","French_Colombard",-0.0557,0.0423,9e-04,0.0559,"France","France","west","wine"
"DVIT_728",8405,"vinifera","Furmint",-0.0121,0.0685,-0.0298,0.1115,NA,NA,NA,"wine"
"DVIT_729",8412,"vinifera","Furmint",-0.0141,0.0652,-0.0389,0.1289,NA,NA,NA,"wine"
"DVIT_730",147716,"vinifera","Guydouria",0.0286,0.0374,-0.0432,-0.0486,"Greece","Greece","central","wine"
"DVIT_731",147719,"vinifera","Guydouriha",0.0162,0.071,-0.0337,0.0259,"Greece","Greece","central","wine"
"DVIT_732",8434,"vinifera","Gamay",-0.0604,0.0134,0.0188,-0.0191,NA,"France","west","wine"
"DVIT_733",8435,"vinifera","Pinot",-0.1158,-0.0596,0.0489,-0.0017,NA,"France","west","wine"
"DVIT_736",8458,"vinifera","Gamay_Rond",-0.0854,0.0128,0.0016,0.1036,NA,"France","west","wine"
"DVIT_739",8475,"vinifera","Gewurztraminer",-0.1226,-0.036,0.085,-0.0378,NA,"Italy","west","wine"
"DVIT_741",147724,"vinifera","Ghlicopati",0.0339,0.0164,0.012,0.0119,"Greece","Greece","central","wine"
"DVIT_746",8531,"vinifera","Greco_Bianco",-0.063,0.0241,0.0142,-0.0204,NA,"Greece","central","wine"
"DVIT_748",8547,"vinifera","Green_Hungarian",0.0038,0.0619,-0.0541,0.0689,"Hungary","Hungary","central","wine"
"DVIT_749",8548,"vinifera","Green_Veltliner",-0.0626,0.0159,0.0457,-0.0214,NA,"Austria","west","wine"
"DVIT_751",8562,"vinifera","Grignolino",-0.0336,0.0091,0.0045,-0.0041,NA,NA,NA,"wine"
"DVIT_752",129934,"vinifera","Grillo",0.0037,0.0324,-0.015,0.0196,"Italy","Italy","west","wine"
"DVIT_753",8578,"vinifera","Gros_Manzenc",-0.0684,-0.0054,0.0435,-0.0504,NA,NA,NA,"wine"
"DVIT_755",8593,"vinifera","Harslevelu",0.0019,0.0508,-0.032,0.051,"Hungary","Hungary","central","wine"
"DVIT_756",8604,"vinifera","Helena",-0.0409,0.0148,0.0134,0.0195,"United_States",NA,NA,"wine"
"DVIT_758",8620,"vinifera","Hibron_Blanc",-0.0136,0.0238,-0.0164,-0.0343,"France","France","west","wine"
"DVIT_761",8638,"vinifera","Hungarian_Millenium",-0.0223,-0.0362,-0.0123,-0.0145,"Hungary","Hungary","central","wine"
"DVIT_767",8685,"vinifera","Kadarka",0.0139,0.0642,-0.0408,0.026,NA,"Hungary","central","wine"
"DVIT_769",147752,"vinifera","Karvouniariz",0.02,0.0554,-0.0304,-0.0013,"Greece","Greece","central","wine"
"DVIT_770",147755,"vinifera","Karrithato",0.0307,0.0322,-0.0213,-7e-04,"Greece","Greece","central","wine"
"DVIT_771",147766,"vinifera","Karistino",0.0214,0.0325,1e-04,0.0077,"Greece","Greece","central","wine"
"DVIT_773",8736,"vinifera","Kara_Lakana",0.0204,0.0334,-0.0294,-0.0339,NA,NA,NA,"wine"
"DVIT_774",130110,"vinifera","Katta_Kurgan",0.0532,-0.0161,0.0754,0.022,"Uzbekistan","Uzbekistan","east","wine"
"DVIT_775",8752,"vinifera","Keknyelu",-0.0069,0.0377,-0.0274,0.031,"Austria","Austria","west","wine"
"DVIT_776",8766,"vinifera","Kleinberger",-0.0708,0.0313,0.0048,0.0784,"Germany","Germany","west","wine"
"DVIT_777",147762,"vinifera","Kokinorobola",-0.0026,0.0627,-0.0148,0.0422,"Greece","Greece","central","wine"
"DVIT_778",147770,"vinifera","Kokinelia",0.0202,0.0616,-0.04,0.0242,"Greece","Greece","central","wine"
"DVIT_779",147771,"vinifera","Kokinostaphylo",0.0275,0.0309,-0.0131,0.0072,"Greece","Greece","central","wine"
"DVIT_781",147775,"vinifera","Kominato",0.0382,-5e-04,0.0034,0.0061,"Greece","Greece","central","wine"
"DVIT_783",8813,"vinifera","Koptcha",0.0069,0.0528,-0.0447,0.0415,"Russia","Russia","east","wine"
"DVIT_786",147803,"vinifera","Kristalli",0.0371,0.0234,-0.0102,0.0089,"Greece","Greece","central","wine"
"DVIT_788",564003,"vinifera","Ladikinah",0.0274,0.0299,-0.011,-0.0228,"Greece","Greece","central","wine"
"DVIT_789",147808,"vinifera","Lagorthi",0.0206,0.0456,-0.0332,-0.015,"Greece","Greece","central","wine"
"DVIT_790",8870,"vinifera","Lagrain",-0.0451,0.0231,0.0123,-0.0137,"Italy","Italy","west","wine"
"DVIT_792",8889,"vinifera","La_Reinha",0.0302,0.0357,-0.0343,-0.0864,NA,NA,NA,"wine"
"DVIT_794",8906,"vinifera","Leanyka",-0.0138,0.0449,-0.0179,0.0603,NA,NA,NA,"wine"
"DVIT_795",564004,"vinifera","Lianoroi",0.017,0.0465,-0.0173,0.0088,"Greece","Greece","central","wine"
"DVIT_796",147813,"vinifera","Liatico",0.0276,0.0319,-0.0146,0.0202,"Greece","Greece","central","wine"
"DVIT_798",8941,"vinifera","Loin_De_Loeil",-0.0644,0.0054,0.014,-0.0525,"France","France","west","wine"
"DVIT_799",8944,"vinifera","Macaroli",-0.0057,0.0328,-0.0166,-0.1151,NA,NA,NA,"wine"
"DVIT_801",147814,"vinifera","Malagusiah",0.0106,0.0234,-0.0277,-0.0357,"Greece","Greece","central","wine"
"DVIT_802",8978,"vinifera","Malbec",-0.0934,-0.005,0.0575,-0.0189,"France","France","west","wine"
"DVIT_803",564005,"vinifera","Cabernet_Franc",-0.0596,0.0309,0.0279,-0.0451,"France","France","west","wine"
"DVIT_805",147817,"vinifera","Malukato",-0.0217,-0.0254,-0.0247,-0.0249,"Greece","Greece","central","wine"
"DVIT_809",9042,"vinifera","Malvasia_Rosario",0.0043,0.0346,-0.0191,-0.0866,NA,"Greece","central","wine"
"DVIT_812",138065,"vinifera","Malvasia_Roxa",0.0108,0.0144,-0.018,-0.0535,"Portugal","Greece","central","wine"
"DVIT_822",147826,"vinifera","Mavrokorakas",-0.0049,0.0718,-0.0464,0.105,"Greece","Greece","central","wine"
"DVIT_826",9163,"vinifera","Merlot",-0.0458,0,0.0141,-0.0362,NA,"France","west","wine"
"DVIT_829",9183,"vinifera","Mezes",0.0036,0.0469,-0.0243,0.0417,"Hungary","Hungary","central","wine"
"DVIT_830",147854,"vinifera","Migdali",0.0331,0.0301,0.0129,0.0055,"Greece","Greece","central","wine"
"DVIT_832",9209,"vinifera","Mission_Jalama",0.018,0.0149,-0.036,-0.0119,NA,NA,NA,"wine"
"DVIT_837",9242,"vinifera","Montils",-0.062,0.0308,-0.0208,0.0814,NA,NA,NA,"wine"
"DVIT_845",147838,"vinifera","Moscato_Mavro",0.0158,-0.0323,-0.0551,0.0079,"Greece","Greece","central","wine"
"DVIT_847",147839,"vinifera","Moschardina",0.0169,-0.0241,-0.0062,-0.0024,"Greece","Greece","central","wine"
"DVIT_853",564006,"vinifera","Mueller-thurgau",-0.0989,-0.0024,0.0251,0.0973,"Germany","Germany","west","wine"
"DVIT_855",9390,"vinifera","Muscadelle_De_Bordelais",-0.0284,-0.0386,-0.0243,0.0091,NA,NA,NA,"wine"
"DVIT_858",9423,"vinifera","Muscat_Crime",-0.0473,-0.069,0.0048,0.0112,NA,NA,NA,"wine"
"DVIT_860",9440,"vinifera","Muscat_Hamburg",0.0088,-0.1355,-0.0881,0.0367,"Denmark","Germany","west","table"
"DVIT_861",9448,"vinifera","Muscat_Ottonel",0.0067,0.0474,-0.0226,8e-04,NA,NA,NA,"wine"
"DVIT_863",9466,"vinifera","Muscat_Szauter",0.0647,-0.0277,0.0962,0.0022,NA,NA,NA,"wine"
"DVIT_864",127745,"vinifera","Moscato_Di_Terracina",0.008,-0.0157,-0.0533,-0.0219,"Italy","Italy","west","wine"
"DVIT_866",9496,"vinifera","Nasa_Veltliner",0.0321,0.0105,-0.0289,-0.0436,NA,NA,NA,"wine"
"DVIT_868",9517,"vinifera","Nebbiolo_Bourgu",-0.0614,-0.0253,0.0235,0.0081,NA,NA,NA,"wine"
"DVIT_869",9526,"vinifera","Nebbiolo_Fino",-0.0072,0.0376,-0.0195,4e-04,"Italy","Italy","west","wine"
"DVIT_873",9563,"vinifera","Neiretta",-0.0476,-0.0223,-0.0139,0.0287,NA,NA,NA,"wine"
"DVIT_875",9580,"vinifera","Neiretto_Verzuolo",0.0104,0.0574,-0.0292,-0.0447,"Italy","Italy","west","wine"
"DVIT_876",147855,"vinifera","Niaropes",0.0142,0.0249,-0.0487,-0.0089,"Greece","Greece","central","wine"
"DVIT_877",9597,"vinifera","Oki_di_Boi",-0.0171,0.019,-0.0112,-0.0292,NA,NA,NA,"wine"
"DVIT_880",9625,"vinifera","Orleans",0.023,0.0536,-0.0292,0.0115,NA,"France","west","wine"
"DVIT_881",9637,"vinifera","Unknown_Cultivar",-0.0181,0.0515,-4e-04,-0.0186,NA,NA,NA,"wine"
"DVIT_887",9688,"vinifera","Peagudo",-0.0406,0.0195,0.0455,-0.078,"Portugal","Portugal","west","wine"
"DVIT_893",9753,"vinifera","Perruno",0.0264,0.0274,-0.0313,-0.0722,NA,NA,NA,"wine"
"DVIT_894",9767,"vinifera","Petite_Bouschet",-0.0463,0.0067,0.0037,0.0422,"France","France","west","wine"
"DVIT_895",9772,"vinifera","Durif",-0.0701,0.0026,0.0516,-0.0553,"France","France","west","wine"
"DVIT_899",147872,"vinifera","Petrolianos",0.0295,0.0243,0.0019,0.0167,"Greece","Greece","central","wine"
"DVIT_900",9832,"vinifera","Peverella",-0.0155,0.0268,-0.027,1e-04,"Italy","Italy","west","wine"
"DVIT_902",9853,"vinifera","Picpoule_Noir",-0.0459,0.0087,0.0111,-0.0409,"France","France","west","wine"
"DVIT_917",10002,"vinifera","Pinot_St.george",-0.0584,0.0098,0.0088,-0.0261,"France","France","west","wine"
"DVIT_922",147883,"vinifera","Potamisi",-0.0028,-0.0894,-0.0668,0.0193,"Greece","Greece","central","wine"
"DVIT_923",10056,"vinifera","Preto_Manteudo",0.0067,0.0392,-0.0131,-0.1078,"Portugal","Portugal","west","wine"
"DVIT_924",10066,"vinifera","Prieska",3e-04,0.031,-0.0497,-0.0256,NA,NA,NA,"wine"
"DVIT_926",10083,"vinifera","Prosecco_Tondo",-0.0029,0.0342,-0.0108,-0.0136,NA,NA,NA,"wine"
"DVIT_927",10092,"vinifera","Raboso_Piave",-0.0696,0.0055,0.0288,0.0083,"Italy","Italy","west","wine"
"DVIT_929",10113,"vinifera","Red-white_Veltliner",-0.004,0.0392,-0.0218,0.0067,"Germany","Germany","west","wine"
"DVIT_930",10121,"vinifera","Refosco",-0.0816,-0.0281,0.0381,-0.0147,"Italy","Italy","west","wine"
"DVIT_932",150559,"vinifera","Riesling_Italico",-0.0661,0.0169,0.0138,0.0637,"France","Italy","west","wine"
"DVIT_933",10154,"vinifera","Robin_Noir",-0.0461,-0.0113,-0.0011,-0.0362,"France","France","west","wine"
"DVIT_934",147898,"vinifera","Thiako",-0.0161,0.0308,-0.0371,0.0696,"Greece","Greece","central","wine"
"DVIT_935",10174,"vinifera","Rothgipfler",-0.0655,0.0136,0.0339,-0.0364,NA,NA,NA,"wine"
"DVIT_936",10180,"vinifera","Rousseau",-0.0497,0.0023,0.0026,-0.0527,"France","France","west","wine"
"DVIT_937",10194,"vinifera","Royalty",-0.0337,0.0225,0.0214,-0.0472,NA,NA,NA,"wine"
"DVIT_938",10202,"vinifera","Rubired",-0.0053,0.022,-0.0101,-0.0282,"United_States",NA,NA,"wine"
"DVIT_940",10222,"vinifera","Ruby_Cabernet",-0.0255,0.0361,0.001,-0.0534,"United_States",NA,NA,"wine"
"DVIT_945",10269,"vinifera","Sangiovese",-0.0289,0.0505,-0.0267,-0.0239,"Italy","Italy","west","wine"
"DVIT_946",564010,"vinifera","Satino",0.0335,0.031,-0.0066,0.0042,"Greece","Greece","central","wine"
"DVIT_947",10289,"vinifera","Sauvignon_Blanc",-0.0827,-0.0017,0.0693,-0.0683,"France","France","west","wine"
"DVIT_948",10290,"vinifera","Sauvignon_Vert",-0.048,0.0335,-0.0122,0.0934,"France","France","west","wine"
"DVIT_952",150560,"vinifera","Schiraz",0.0281,0.0193,0.0028,0.0157,"France","France","west","wine"
"DVIT_953",10337,"vinifera","Carriere",-0.0645,-0.0074,0.0199,-0.0325,"France","France","west","wine"
"DVIT_954",10342,"vinifera","Semillon",-0.0638,-0.0325,0.033,-0.0538,"France","France","west","wine"
"DVIT_956",147909,"vinifera","Serphiotico",0.0438,0.0055,-0.0301,0.0038,"Greece","Greece","central","wine"
"DVIT_958",10370,"vinifera","Slankamenka",0.0234,-0.0391,-0.0607,-0.0297,NA,NA,NA,"wine"
"DVIT_959",10376,"vinifera","Souzao",-0.0767,0.0034,0.0512,-0.0381,"Portugal","Portugal","west","wine"
"DVIT_963",147916,"vinifera","Staphythostaphylo",0.0109,0.0372,-0.0231,0.0313,"Greece","Greece","central","wine"
"DVIT_964",10401,"vinifera","Steinschiller",0.0058,0.0647,-0.0523,0.0435,"Germany","Germany","west","wine"
"DVIT_966",147921,"vinifera","Stophiliatico",0.0099,0.0516,-0.0556,-0.0372,"Greece","Greece","central","wine"
"DVIT_967",10421,"vinifera","Sylvaner",-0.0691,0.0194,0.0191,0.038,"Austria","Austria","west","wine"
"DVIT_969",10433,"vinifera","Tabyrn",0.0509,-0.021,0.0709,0.0199,NA,NA,NA,"wine"
"DVIT_970",10436,"vinifera","Tadone",0.0157,0,0.0061,0.0089,NA,NA,NA,"wine"
"DVIT_971",10450,"vinifera","Talia",-0.0234,0.0237,0.01,-0.1404,"Portugal","Portugal","west","wine"
"DVIT_972",10451,"vinifera","Tamarez",-0.0079,0.0318,-0.0081,-0.1137,"Portugal","Portugal","west","wine"
"DVIT_973",10464,"vinifera","Tannat",-0.0769,-0.0309,0.0159,-0.0201,"France","France","west","wine"
"DVIT_974",10465,"vinifera","Teinturier_Male",-0.0814,-0.0423,0.0309,-0.0094,"France","France","west","wine"
"DVIT_977",10500,"vinifera","Teroldego",-0.0608,-0.0197,0.0163,0.0298,"Italy","Italy","west","wine"
"DVIT_982",10524,"vinifera","Tinta_Amarella",0.0026,0.027,-0.0119,-0.0963,"Portugal","Portugal","west","wine"
"DVIT_983",140079,"vinifera","Tinta_Francisca",-0.0249,0.0219,0.0073,-0.0291,"Portugal","Portugal","west","wine"
"DVIT_985",10541,"vinifera","Tinta_Madeira",-0.0615,0.0017,0.0479,-0.0787,"Portugal","Portugal","west","wine"
"DVIT_986",10546,"vinifera","Tinta_Muida",-0.0175,0.0238,-1e-04,-0.077,"Portugal","Portugal","west","wine"
"DVIT_988",10561,"vinifera","Tinta_Mole",-0.017,0.0181,-0.0072,-0.0818,"Portugal","Portugal","west","wine"
"DVIT_989",10569,"vinifera","Tintureiro",-0.0238,0.0226,0.0145,-0.1382,"Portugal","Portugal","west","wine"
"DVIT_99",2673,"vinifera","Mathilde",0.0037,0.0306,-0.0116,-0.0107,"Italy","Italy","west","table"
"DVIT_994",10594,"vinifera","Troja",0.0071,0.0289,-0.0384,-0.0046,NA,NA,NA,"wine"
"DVIT_996",147925,"vinifera","Tsambato",0.0298,0.0159,-0.0031,-0.0086,"Greece","Greece","central","wine"
"DVIT_997",147930,"vinifera","Tsoumbrena_Lefki",0.0118,0.0319,-0.0218,-0.0241,"Greece","Greece","central","wine"
"DVIT_998",147697,"vinifera","Vaftra_(vaspa)",0.0195,0.0609,-0.0269,0.0135,"Greece","Greece","central","wine"
"DVIT_999",10625,"vinifera","Valdepenas",0.011,0.0394,-0.0363,-0.06,"Spain","Spain","west","wine"
